,,,,,,,,,,,,SIT,,,Dev Test,,,FC,,,PrePV,,,PV,,,MP,,,ATS,,,PreQP,,,SU,,,,,,,,,,,,,,,,,,,,,,,,,,,,,,,,,,,,,,,,,,,,,,,,,,,,,,,,,,,,,,,,,,,,,,,,,,,,,,,,,,,,,,,,,,,,,,,,,,,,,,,,,,,,,,,
,,,,,,,,,,,,10월,,,,,,,,,,,,,,,,,,,,,,,,,,,,,,,11월,,,,,,,,,,,,,,,,,,,,,,,,,,,,,,12월,,,,,,,,,,,,,,,,,,,,,,,,,,,,,,,1월,,,,,,,,,,,,,,,,,,,,,,,,,,,,,,,,,,,,,,,,,,,
모델현황,,,,,,,,,,,,1 ,2 ,3 ,4 ,5 ,6 ,7 ,8 ,9 ,10 ,11 ,12 ,13 ,14 ,15 ,16 ,17 ,18 ,19 ,20 ,21 ,22 ,23 ,24 ,25 ,26 ,27 ,28 ,29 ,30 ,31 ,1 ,2 ,3 ,4 ,5 ,6 ,7 ,8 ,9 ,10 ,11 ,12 ,13 ,14 ,15 ,16 ,17 ,18 ,19 ,20 ,21 ,22 ,23 ,24 ,25 ,26 ,27 ,28 ,29 ,30 ,1 ,2 ,3 ,4 ,5 ,6 ,7 ,8 ,9 ,10 ,11 ,12 ,13 ,14 ,15 ,16 ,17 ,18 ,19 ,20 ,21 ,22 ,23 ,24 ,25 ,26 ,27 ,28 ,29 ,30 ,31 ,1 ,2 ,3 ,4 ,5 ,6 ,7 ,8 ,9 ,10 ,11 ,12 ,13 ,14 ,15 ,16 ,17 ,18 ,19 ,20 ,21 ,22 ,23 ,24 ,25 ,26 ,27 ,28 ,29 ,30 ,31 ,1 ,2 ,3 ,4 ,5 ,6 ,7 ,8 ,9 ,10 ,11 ,12 ,13 
제품군,모델명,개발등급,생산,SoC,HW PM,SW PO,SW PM,스펙,PV,MP,ATS,목,금,토,일,월,화,수,목,금,토,일,월,화,수,목,금,토,일,월,화,수,목,금,토,일,월,화 ,수,목,금,토,일,월,화,수,목,금,토,일,월,화,수,목,금,토,일,월,화,수,목,금,토,일,월,화,수,목,금,토,일,월,화,수,목,금,토,일,월,화,수,목,금,토,일,월,화,수,목,금,토,일,월,화,수,목,금,토,일,월,화,수,목,금,토,일,월,화,수,목,금,토,일,월,화,수,목,금,토,일,월,화,수,목,금,토,일,월,화,수,목,금,토,일,월,화,수,목,금,토,일,월,화,수,목,금,토
"사운드스위트
(Wi-Fi)",H7_VI,JDM B_HW,Tymphany,Amlogic,편인태,김현자,조성연,"500W, 5.1.3 
(9.1.6 Spatial)
Dolby Atmos, DAFC",26/11/30,26/12/14,27/2/8,PrePV,,,,,,,,,,,,,,,,,,,,PV1,,,,,,,,,,,,,,,PV2,,,,,,,,,,,,,,,,,,,,,,,,,,,,,,,,,,,,,,,MP,,,,,,,,,,,,,,,,,,,,,,,,,,,,,,,,,,,,,,,,,,,,,,,,,,,,,,,,,,,,,
,,,,,,,,,,,,,,,,,,,,,,,,,,,,,,,,,,,,,,,,,,,,,,,,,,,,,,,,,,,,,,,,,,,,,,,,,,,,,,,,,,,,,,,,,,,,,,,,,,,,,,,,,,,,,,,,,,,,,,,,,,,,,,,,,,,,,,,,,,,,,,,,,,,
,M7_VI,JDM B_HW,,,박현구,,"박윤규/ 
이마을","100W, 2.1.1, DAFC",27/2/16,27/2/28,27/4/25,PV1,,,,,,,,,,,,,,,,,,,,,,,,,,,,,,,,,,,,,,,,PV2,,,,,,,,,,,,,,,,,,,,,,,,,,,,,,,,,,,,,,,,,,,,,,,,MP,,,,,,,,,,,,,,,,,,,,,,,,,,,,,,,,,,,,,,,,,,,,,,,
,,,,,,,,,,,,,,,,,,,,,,,,,,,,,,,,,,,,,,,,,,,,,,,,,,,,,,,,,,,,,,,,,,,,,,,,,,,,,,,,,,,,,,,,,,,,,,,,,,,,,,,,,,,,,,,,,,,,,,,,,,,,,,,,,,,,,,,,,,,,,,,,,,,
,M5_VI,JDM Ca_HW,,,박현구,,"박윤규/ 
이마을","60W, 1.1.1, DAFC",27/2/28,27/2/28,27/4/25,PV1,,,,,,,,,,,,,,,,,,,,,,,,,,,,,,,,,,,,,,,,PV2,,,,,,,,,,,,,,,,,,,,,,,,,,,,,,,,,,,,,,,,,,,,,,,,MP,,,,,,,,,,,,,,,,,,,,,,,,,,,,,,,,,,,,,,,,,,,,,,,
,,,,,,,,,,,,,,,,,,,,,,,,,,,,,,,,,,,,,,,,,,,,,,,,,,,,,,,,,,,,,,,,,,,,,,,,,,,,,,,,,,,,,,,,,,,,,,,,,,,,,,,,,,,,,,,,,,,,,,,,,,,,,,,,,,,,,,,,,,,,,,,,,,,
,H5,JDM Ca_HW,,,한규민,,조성연,"300W, 3.1.3
(7.1.5 Spatial Audio)
Dolby Atmos, DAFC",27/12/30,27/1/11,27/3/8,PV1,,,,,,,,,,,,,,,,,,,,,,,,,,,,,,,,,,,,,,,,,,,,,,,,,,,,,,,,PV2,,,,,,,,,,,,,,,,,,,,,,,,,,,,,,,,,,,,,,,,,,,,,,MP,,,,,,,,,,,,,,,,,,,,,,,,,,,,,,,,,
,,,,,,,,,,,,,,,,,,,,,,,,,,,,,,,,,,,,,,,,,,,,,,,,,,,,,,,,,,,,,,,,,,,,,,,,,,,,,,,,,,,,,,,,,,,,,,,,,,,,,,,,,,,,,,,,,,,,,,,,,,,,,,,,,,,,,,,,,,,,,,,,,,,
,W5,JDM B_HW,,,한규민,조용승,조용승,"120W+120W
서브우퍼",27/1/10,27/1/22,27/3/19,PrePV,,,,,,,,,,,,,,,PV1,,,,,,,,,,,,,,,,,,,,,,,,,,,,,,,,,,,,,,,,,,,,,,,,,,PV2,,,,,,,,,,,,,,,,,,,,,,,,,,,,,,,,,,,,,,,,,,,,,,,,MP,,,,,,,,,,,,,,,,,,,,,,
,,,,,,,,,,,,,,,,,,,,,,,,,,,,,,,,,,,,,,,,,,,,,,,,,,,,,,,,,,,,,,,,,,,,,,,,,,,,,,,,,,,,,,,,,,,,,,,,,,,,,,,,,,,,,,,,,,,,,,,,,,,,,,,,,,,,,,,,,,,,,,,,,,,
, M7,MR_Minor,,MT8532,,"박윤규/ 
이마을","박윤규/ 
이마을","100W, 2.1.1, DAFC",NA,NA,NA,,,,,,,,,,,,,,,,,,,,,,,,,,,,,,,,,,,,,,,,,,,,,,,,,,,,,,,,,,,,,,,,,,,,,,,,,,,,,,,,,,,,,,,,,,,,,,,,,,,,,,,,,,,,,,,,,,,,,,,,,,,,,,,,,,,,,,,,
사운드바,S90C,JDM B_HW,Tonly,Amlogic,이현인,김현자,이홍순,"710W 5.1.3
Atmos, Wi-Fi
DTS:X ",27/1/13,27/1/25,27/3/22,PrePV,,,,,,,,,,,,,,,,,,,,,,,,,,,,,,,,,,,,,PV1,,,,,,,,,,,,,,,,,,,,,,,,,,,,,,,,,,,,,,,,,,,PV2,,,,,,,,,,,,,,,,,,,,,,,,,,,,,,,,,,,,MP,,,,,,,,,,,,,,,,,,,
,,,,,,,,,,,,,,,,,,,,,,,,,,,,,,,,,,,,,,,,,,,,,,,,,,,,,,,,,,,,,,,,,,,,,,,,,,,,,,,,,,,,,,,,,,,,,,,,,,,,,,,,,,,,,,,,,,,,,,,,,,,,,,,,,,,,,,,,,,,,,,,,,,,
,S80C ,JDM_B_HW,Tonly,MLC3760,이규봉,고석민,"고석민/
윤필규","590W, 3.1.3
Atmos, BT, DTS:X",27/12/14,27/12/28,27/2/22,PV1,,,,,,,,,,,,,,,,,,,,,,,,,,,,,,,,,,,,,,,,PV2,,,,,,,,,,,,,,,,,,,,,,,,,,,,,,,,,,,,,,,,,,,,,,,,MP,,,,,,,,,,,,,,,,,,,,,,,,,,,,,,,,,,,,,,,,,,,,,,,
,,,,,,,,,,,,,,,,,,,,,,,,,,,,,,,,,,,,,,,,,,,,,,,,,,,,,,,,,,,,,,,,,,,,,,,,,,,,,,,,,,,,,,,,,,,,,,,,,,,,,,,,,,,,,,,,,,,,,,,,,,,,,,,,,,,,,,,,,,,,,,,,,,,
,CB-SH,JDM Cc_ACC,Tonly,ES8680,편인태,,"고석민/
윤필규","HDMI In 2ea (4:4:4)
HDMI out 1ea
HDMI eARC out 1ea
Optical In 1ea",26/11/17,26/11/27,27/1/22,PV2,,,,,,,,,,,,,,,,,,,,,,,,,,,,,,,,,,,,,,,,,,,,,,,,,,,,,,,,,MP,,,,,,,,,,,,,,,,,,,,,,,,,,,,,,,,,,,,,,,,,,,,,,,,,,,,,,,,,,,,,,,,,,,,,,,,,,,,,,
,,,,,,,,,,,,,,,,,,,,,,,,,,,,,,,,,,,,,,,,,,,,,,,,,,,,,,,,,,,,,,,,,,,,,,,,,,,,,,,,,,,,,,,,,,,,,,,,,,,,,,,,,,,,,,,,,,,,,,,,,,,,,,,,,,,,,,,,,,,,,,,,,,,
무선스피커,XT7S,MR_Minor,,,,,이재철/나택수,,NA,NA,NA,,,,,,,,,,,,,,,,,,,,,,,,,,,,,,,,,,,,,,,,,,,,,,,,,,,,,,,,,,,,,,,,,,,,,,,,,,,,,,,,,,,,,,,,,,,,,,,,,,,,,,,,,,,,,,,,,,,,,,,,,,,,,,,,,,,,,,,,
,Bounce,MR_Minor,,,,,이재철/나택수,,NA,NA,NA,,,,,,,,,,,,,,,,,,,,,,,,,,,,,,,,,,,,,,,,,,,,,,,,,,,,,,,,,,,,,,,,,,,,,,,,,,,,,,,,,,,,,,,,,,,,,,,,,,,,,,,,,,,,,,,,,,,,,,,,,,,,,,,,,,,,,,,,
,Blast,MR_Minor,,,,,이재철/나택수,,NA,NA,NA,,,,,,,,,,,,,,,,,,,,,,,,,,,,,,,,,,,,,,,,,,,,,,,,,,,,,,,,,,,,,,,,,,,,,,,,,,,,,,,,,,,,,,,,,,,,,,,,,,,,,,,,,,,,,,,,,,,,,,,,,,,,,,,,,,,,,,,,
,Rock,MR_Minor,,,,,이재철/나택수,,NA,NA,NA,,,,,,,,,,,,,,,,,,,,,,,,,,,,,,,,,,,,,,,,,,,,,,,,,,,,,,,,,,,,,,,,,,,,,,,,,,,,,,,,,,,,,,,,,,,,,,,,,,,,,,,,,,,,,,,,,,,,,,,,,,,,,,,,,,,,,,,,
,Power9000,MR_Minor,,,,,오제준/박시형,,NA,NA,NA,,,,,,,,,,,,,,,,,,,,,,,,,,,,,,,,,,,,,,,,,,,,,,,,,,,,,,,,,,,,,,,,,,,,,,,,,,,,,,,,,,,,,,,,,,,,,,,,,,,,,,,,,,,,,,,,,,,,,,,,,,,,,,,,,,,,,,,,
,Stage501,MR_Minor,,,,,오제준/박시형,,NA,NA,NA,,,,,,,,,,,,,,,,,,,,,,,,,,,,,,,,,,,,,,,,,,,,,,,,,,,,,,,,,,,,,,,,,,,,,,,,,,,,,,,,,,,,,,,,,,,,,,,,,,,,,,,,,,,,,,,,,,,,,,,,,,,,,,,,,,,,,,,,
